{
  "total_experiments": 14,
  "successful": 14,
  "failed": 0,
  "total_cost": 2.51837295,
  "total_time": 1024.1812205314636,
  "by_model": {
    "opus45": {
      "total": 14,
      "success": 14,
      "success_rate": 1.0,
      "avg_cost": 0.17988378214285713,
      "avg_time": 73.15580146653312
    }
  },
  "by_config": {
    "two_try_no_reflection": {
      "total": 14,
      "success": 14,
      "success_rate": 1.0,
      "avg_trials": 1.2857142857142858
    }
  },
  "by_case": {
    "case7": {
      "total": 4,
      "success": 4,
      "success_rate": 1.0
    },
    "case8": {
      "total": 10,
      "success": 10,
      "success_rate": 1.0
    }
  },
  "timestamp": "2025-12-26T07:04:07.486820"
}