{
  "total_experiments": 119,
  "successful": 67,
  "failed": 52,
  "total_cost": 14.41585565,
  "total_time": 15303.893157482147,
  "by_model": {
    "haiku45": {
      "total": 59,
      "success": 36,
      "success_rate": 0.6101694915254238,
      "avg_cost": 0.1443335186440678,
      "avg_time": 156.1756800797026
    },
    "haiku35": {
      "total": 60,
      "success": 31,
      "success_rate": 0.5166666666666667,
      "avg_cost": 0.09833630083333333,
      "avg_time": 101.49213387966157
    }
  },
  "by_config": {
    "two_try_no_reflection": {
      "total": 59,
      "success": 28,
      "success_rate": 0.4745762711864407,
      "avg_trials": 1.88135593220339
    },
    "full_reflexion": {
      "total": 60,
      "success": 39,
      "success_rate": 0.65,
      "avg_trials": 1.7833333333333334
    }
  },
  "by_case": {
    "case12": {
      "total": 39,
      "success": 32,
      "success_rate": 0.8205128205128205
    },
    "case13": {
      "total": 40,
      "success": 12,
      "success_rate": 0.3
    },
    "case14": {
      "total": 40,
      "success": 23,
      "success_rate": 0.575
    }
  },
  "timestamp": "2025-12-27T04:20:14.461892"
}