{
  "total_experiments": 2,
  "successful": 1,
  "failed": 1,
  "total_cost": 0.33226465000000005,
  "total_time": 168.59401774406433,
  "by_model": {
    "sonnet45": {
      "total": 1,
      "success": 0,
      "success_rate": 0.0,
      "avg_cost": 0.15838390000000002,
      "avg_time": 104.28866195678711
    },
    "opus45": {
      "total": 1,
      "success": 1,
      "success_rate": 1.0,
      "avg_cost": 0.17388075,
      "avg_time": 64.30535578727722
    }
  },
  "by_config": {
    "baseline": {
      "total": 2,
      "success": 1,
      "success_rate": 0.5,
      "avg_trials": 1.0
    }
  },
  "by_case": {
    "case1": {
      "total": 2,
      "success": 1,
      "success_rate": 0.5
    }
  },
  "timestamp": "2025-12-16T15:21:52.967038"
}