{
  "total_experiments": 160,
  "successful": 62,
  "failed": 98,
  "total_cost": 22.8792269,
  "total_time": 19556.57683110237,
  "by_model": {
    "haiku30": {
      "total": 37,
      "success": 5,
      "success_rate": 0.13513513513513514,
      "avg_cost": 0.31548950945945947,
      "avg_time": 259.2472140917907
    },
    "haiku35": {
      "total": 76,
      "success": 29,
      "success_rate": 0.3815789473684211,
      "avg_cost": 0.08758860065789473,
      "avg_time": 91.29300722009258
    },
    "haiku45": {
      "total": 47,
      "success": 28,
      "success_rate": 0.5957446808510638,
      "avg_cost": 0.0967953489361702,
      "avg_time": 64.3864119357251
    }
  },
  "by_config": {
    "baseline": {
      "total": 67,
      "success": 33,
      "success_rate": 0.4925373134328358,
      "avg_trials": 1.0
    },
    "full_reflexion": {
      "total": 93,
      "success": 29,
      "success_rate": 0.3118279569892473,
      "avg_trials": 1.903225806451613
    }
  },
  "by_case": {
    "case1": {
      "total": 19,
      "success": 0,
      "success_rate": 0.0
    },
    "case2": {
      "total": 21,
      "success": 9,
      "success_rate": 0.42857142857142855
    },
    "case3": {
      "total": 19,
      "success": 5,
      "success_rate": 0.2631578947368421
    },
    "case4": {
      "total": 18,
      "success": 8,
      "success_rate": 0.4444444444444444
    },
    "case5": {
      "total": 17,
      "success": 10,
      "success_rate": 0.5882352941176471
    },
    "case6": {
      "total": 20,
      "success": 19,
      "success_rate": 0.95
    },
    "case7": {
      "total": 25,
      "success": 5,
      "success_rate": 0.2
    },
    "case8": {
      "total": 21,
      "success": 6,
      "success_rate": 0.2857142857142857
    }
  },
  "timestamp": "2025-12-16T06:52:40.158031"
}